[
  {
    "id": "d7c26e92-f788-4c3a-aa9e-853a02eb1b7c",
    "case_id": "f78bf517-a04f-41ee-b80d-faf7eeef6d28",
    "user_id": "SYSTEM",
    "action": "AUTO_ESCALATION",
    "details": "Dead-Man switch triggered. Case escalated and released to authorities.",
    "timestamp": "2026-02-26 05:11:46",
    "archived": 0
  },
  {
    "id": "e4c2302d-306f-4809-9f0f-d729a543af06",
    "case_id": "f78bf517-a04f-41ee-b80d-faf7eeef6d28",
    "user_id": "eRGZOEcIMEYJSSqOJcn8TPX1qEw2",
    "action": "MANUAL_VERIFICATION",
    "details": "{\"fileName\":\"forensic_report_f78bf517-a04f-41ee-b80d-faf7eeef6d28.txt\",\"computedHash\":\"8927c1e0ca1d2008e2ead9b84b7115964df50ff960f788a136e1597306f27807\",\"result\":\"report_generated\"}",
    "timestamp": "2026-02-25 14:58:30",
    "archived": 0
  },
  {
    "id": "84802f69-6e90-4e61-808f-1adc002f0eef",
    "case_id": "f78bf517-a04f-41ee-b80d-faf7eeef6d28",
    "user_id": "eRGZOEcIMEYJSSqOJcn8TPX1qEw2",
    "action": "MANUAL_VERIFICATION",
    "details": "{\"fileName\":\"forensic_report_f78bf517-a04f-41ee-b80d-faf7eeef6d28.txt\",\"computedHash\":\"c318943c42fd615d45c30fef399cab27ec57a7f6f82108d5a9f8eb5e9de64b68\",\"result\":\"report_generated\"}",
    "timestamp": "2026-02-25 14:57:41",
    "archived": 0
  },
  {
    "id": "3bcc71df-f849-404c-85e4-205fa64e8fcc",
    "case_id": "f78bf517-a04f-41ee-b80d-faf7eeef6d28",
    "user_id": "victim@example.com",
    "action": "MANUAL_VERIFICATION",
    "details": "{\"fileName\":\"phishing chk (1).txt\",\"computedHash\":\"cf2f1222b5bdacf14b87b911a1e1d64e108cab7363e50c448c66b3eafbecc867\",\"result\":\"exact_match\"}",
    "timestamp": "2026-02-25 14:57:17",
    "archived": 0
  },
  {
    "id": "1d28efba-2acd-41b1-a782-9b3e94839ab7",
    "case_id": "f78bf517-a04f-41ee-b80d-faf7eeef6d28",
    "user_id": "user-123",
    "action": "CASE_CREATED",
    "details": "Case created (AI analysis done separately)",
    "timestamp": "2026-02-25 14:56:38",
    "archived": 0
  },
  {
    "id": "973392ef-d9a3-48b0-81da-ed06eca1f8af",
    "case_id": "f78bf517-a04f-41ee-b80d-faf7eeef6d28",
    "user_id": "user-123",
    "action": "START_UPLOAD",
    "details": "Registered evidence phishing chk.txt (e85841f1-8b0d-484a-9f39-0600171809ba) for upload",
    "timestamp": "2026-02-25 14:56:38",
    "archived": 0
  },
  {
    "id": "29cb2950-0054-477a-9df9-15621750f4e1",
    "case_id": "f78bf517-a04f-41ee-b80d-faf7eeef6d28",
    "user_id": "user-123",
    "action": "evidence_preserved",
    "details": "{\"evidenceId\":\"e85841f1-8b0d-484a-9f39-0600171809ba\",\"fileName\":\"phishing chk.txt\",\"fileSize\":570,\"clientHash\":\"cf2f1222b5bdacf14b87b911a1e1d64e108cab7363e50c448c66b3eafbecc867\",\"serverHash\":\"cf2f1222b5bdacf14b87b911a1e1d64e108cab7363e50c448c66b3eafbecc867\",\"preservedAt\":\"2026-02-25T14:56:38.135Z\"}",
    "timestamp": "2026-02-25 14:56:38",
    "archived": 0
  }
]