{
  "case_id": "f78bf517-a04f-41ee-b80d-faf7eeef6d28",
  "case_title": "demo",
  "case_status": "ESCALATED",
  "created_at": "2026-02-25 14:56:38",
  "released_at": "2026-02-26T05:11:46.672Z",
  "evidence_count": 1,
  "evidence": [
    {
      "file_name": "phishing chk.txt",
      "file_type": "application/octet-stream",
      "file_size": 570,
      "client_sha256": "cf2f1222b5bdacf14b87b911a1e1d64e108cab7363e50c448c66b3eafbecc867",
      "server_sha256": "cf2f1222b5bdacf14b87b911a1e1d64e108cab7363e50c448c66b3eafbecc867",
      "integrity_verified": true
    }
  ],
  "audit_trail": [
    {
      "action": "AUTO_ESCALATION",
      "timestamp": "2026-02-26 05:11:46",
      "details": "Dead-Man switch triggered. Case escalated and released to authorities."
    },
    {
      "action": "MANUAL_VERIFICATION",
      "timestamp": "2026-02-25 14:58:30",
      "details": "{\"fileName\":\"forensic_report_f78bf517-a04f-41ee-b80d-faf7eeef6d28.txt\",\"computedHash\":\"8927c1e0ca1d2008e2ead9b84b7115964df50ff960f788a136e1597306f27807\",\"result\":\"report_generated\"}"
    },
    {
      "action": "MANUAL_VERIFICATION",
      "timestamp": "2026-02-25 14:57:41",
      "details": "{\"fileName\":\"forensic_report_f78bf517-a04f-41ee-b80d-faf7eeef6d28.txt\",\"computedHash\":\"c318943c42fd615d45c30fef399cab27ec57a7f6f82108d5a9f8eb5e9de64b68\",\"result\":\"report_generated\"}"
    },
    {
      "action": "MANUAL_VERIFICATION",
      "timestamp": "2026-02-25 14:57:17",
      "details": "{\"fileName\":\"phishing chk (1).txt\",\"computedHash\":\"cf2f1222b5bdacf14b87b911a1e1d64e108cab7363e50c448c66b3eafbecc867\",\"result\":\"exact_match\"}"
    },
    {
      "action": "CASE_CREATED",
      "timestamp": "2026-02-25 14:56:38",
      "details": "Case created (AI analysis done separately)"
    },
    {
      "action": "START_UPLOAD",
      "timestamp": "2026-02-25 14:56:38",
      "details": "Registered evidence phishing chk.txt (e85841f1-8b0d-484a-9f39-0600171809ba) for upload"
    },
    {
      "action": "evidence_preserved",
      "timestamp": "2026-02-25 14:56:38",
      "details": "{\"evidenceId\":\"e85841f1-8b0d-484a-9f39-0600171809ba\",\"fileName\":\"phishing chk.txt\",\"fileSize\":570,\"clientHash\":\"cf2f1222b5bdacf14b87b911a1e1d64e108cab7363e50c448c66b3eafbecc867\",\"serverHash\":\"cf2f1222b5bdacf14b87b911a1e1d64e108cab7363e50c448c66b3eafbecc867\",\"preservedAt\":\"2026-02-25T14:56:38.135Z\"}"
    }
  ],
  "integrity_verified": true,
  "system": "Evidence Vault v1.0.0"
}